"id","date","league","home_team","away_team","home_goals","away_goals","result","home_odds","draw_odds","away_odds","bookmaker","fixture_id","kickoff_time","odds_captured_at"
261,"2025-08-15","Premier League (England)","Liverpool","Bournemouth",4,2,"Home","1.25","6.00","8.50","Paddy Power",1378969,"2025-08-15 19:00:00","2025-08-15 11:55:39"
262,"2025-08-16","Premier League (England)","Aston Villa","Newcastle",0,0,"Draw","2.88","3.00","2.50","Paddy Power",1378970,"2025-08-16 11:30:00","2025-08-16 11:55:38"
263,"2025-08-16","Premier League (England)","Tottenham","Burnley",3,0,"Home","1.44","4.20","7.00","Paddy Power",1378974,"2025-08-16 14:00:00","2025-08-16 11:55:38"
264,"2025-08-16","Premier League (England)","Brighton","Fulham",1,1,"Draw","1.85","3.60","4.00","Paddy Power",1378971,"2025-08-16 14:00:00","2025-08-16 11:55:38"
265,"2025-08-16","Premier League (England)","Sunderland","West Ham",3,0,"Home","3.30","3.10","2.20","Paddy Power",1378973,"2025-08-16 14:00:00","2025-08-16 11:55:38"
266,"2025-08-16","Premier League (England)","Wolves","Manchester City",0,4,"Away","6.00","4.50","1.44","Paddy Power",1378975,"2025-08-16 16:30:00","2025-08-16 11:55:38"
267,"2025-08-17","Premier League (England)","Chelsea","Crystal Palace",0,0,"Draw","1.67","3.80","4.75","Paddy Power",1378976,"2025-08-17 13:00:00","2025-08-17 11:55:38"
268,"2025-08-17","Premier League (England)","Nottingham Forest","Brentford",3,1,"Home","2.00","3.40","3.60","Sky Bet",1378972,"2025-08-17 13:00:00","2025-08-17 11:55:38"
269,"2025-08-17","Premier League (England)","Manchester United","Arsenal",0,1,"Away","3.80","3.60","1.91","Paddy Power",1378977,"2025-08-17 15:30:00","2025-08-17 11:55:38"
270,"2025-08-18","Premier League (England)","Leeds","Everton",1,0,"Home","2.30","3.10","3.25","Paddy Power",1378978,"2025-08-18 19:00:00","2025-08-18 11:55:38"
271,"2025-08-22","Premier League (England)","West Ham","Chelsea",1,5,"Away","5.00","4.00","1.79","Smarkets",1378988,"2025-08-22 19:00:00","2025-08-22 11:55:39"
272,"2025-08-23","Premier League (England)","Manchester City","Tottenham",0,2,"Away","1.61","4.20","6.00","Smarkets",1378986,"2025-08-23 11:30:00","2025-08-23 11:55:39"
273,"2025-08-23","Premier League (England)","Bournemouth","Wolves",1,0,"Home","1.80","3.75","4.20","Betway",1378980,"2025-08-23 14:00:00","2025-08-23 11:55:39"
274,"2025-08-23","Premier League (England)","Burnley","Sunderland",2,0,"Home","2.38","3.10","3.20","Betway",1378982,"2025-08-23 14:00:00","2025-08-23 11:55:39"
275,"2025-08-23","Premier League (England)","Brentford","Aston Villa",1,0,"Home","3.10","3.30","2.30","Betway",1378981,"2025-08-23 14:00:00","2025-08-23 11:55:39"
276,"2025-08-23","Premier League (England)","Arsenal","Leeds",5,0,"Home","1.33","5.25","8.50","Betway",1378979,"2025-08-23 16:30:00","2025-08-23 11:55:39"
277,"2025-08-24","Premier League (England)","Everton","Brighton",2,0,"Home","3.00","3.25","2.38","Betway",1378984,"2025-08-24 13:00:00","2025-08-24 11:55:38"
278,"2025-08-24","Premier League (England)","Crystal Palace","Nottingham Forest",1,1,"Draw","2.40","3.20","3.00","Betway",1378983,"2025-08-24 13:00:00","2025-08-24 11:55:38"
279,"2025-08-24","Premier League (England)","Fulham","Manchester United",1,1,"Draw","3.30","3.40","2.15","Betway",1378985,"2025-08-24 15:30:00","2025-08-24 11:55:38"
280,"2025-08-25","Premier League (England)","Newcastle","Liverpool",2,3,"Away","3.00","3.75","2.15","Betway",1378987,"2025-08-25 19:00:00","2025-08-25 11:55:38"
281,"2025-08-30","Premier League (England)","Chelsea","Fulham",2,0,"Home","1.83","3.50","4.20","Paddy Power",1378991,"2025-08-30 11:30:00","2025-08-30 11:55:39"
282,"2025-08-30","Premier League (England)","Manchester United","Burnley",3,2,"Home","1.36","5.00","7.50","Paddy Power",1378994,"2025-08-30 14:00:00","2025-08-30 11:55:39"
283,"2025-08-30","Premier League (England)","Wolves","Everton",2,3,"Away","3.10","3.00","2.40","Paddy Power",1378998,"2025-08-30 14:00:00","2025-08-30 11:55:39"
284,"2025-08-30","Premier League (England)","Tottenham","Bournemouth",0,1,"Away","1.85","3.60","3.80","Paddy Power",1378997,"2025-08-30 14:00:00","2025-08-30 11:55:39"
285,"2025-08-30","Premier League (England)","Sunderland","Brentford",2,1,"Home","3.00","3.10","2.40","Paddy Power",1378996,"2025-08-30 14:00:00","2025-08-30 11:55:39"
286,"2025-08-30","Premier League (England)","Leeds","Newcastle",0,0,"Draw","3.30","3.40","2.15","Betway",1378992,"2025-08-30 16:30:00","2025-08-30 11:55:39"
287,"2025-08-31","Premier League (England)","Brighton","Manchester City",2,1,"Home","3.60","3.60","1.95","Paddy Power",1378990,"2025-08-31 13:00:00","2025-08-31 11:55:38"
288,"2025-08-31","Premier League (England)","Nottingham Forest","West Ham",0,3,"Away","1.67","3.80","4.80","Sky Bet",1378995,"2025-08-31 13:00:00","2025-08-31 11:55:38"
289,"2025-08-31","Premier League (England)","Liverpool","Arsenal",1,0,"Home","2.30","3.30","3.00","Paddy Power",1378993,"2025-08-31 15:30:00","2025-08-31 11:55:38"
290,"2025-08-31","Premier League (England)","Aston Villa","Crystal Palace",0,3,"Away","1.95","3.40","3.80","Paddy Power",1378989,"2025-08-31 18:00:00","2025-08-31 11:55:38"
291,"2025-09-13","Premier League (England)","Arsenal","Nottingham Forest",3,0,"Home","1.40","4.20","9.00","Paddy Power",1378999,"2025-09-13 11:30:00","2025-09-13 11:55:39"
292,"2025-09-13","Premier League (England)","Newcastle","Wolves",1,0,"Home","1.36","4.75","8.00","Paddy Power",1379007,"2025-09-13 14:00:00","2025-09-13 11:55:39"
293,"2025-09-13","Premier League (England)","Bournemouth","Brighton",2,1,"Home","2.38","3.40","2.80","Paddy Power",1379000,"2025-09-13 14:00:00","2025-09-13 11:55:39"
294,"2025-09-13","Premier League (England)","Fulham","Leeds",1,0,"Home","2.02","3.60","4.20","Smarkets",1379005,"2025-09-13 14:00:00","2025-09-13 11:55:39"
295,"2025-09-13","Premier League (England)","Everton","Aston Villa",0,0,"Draw","2.50","3.25","2.75","Paddy Power",1379004,"2025-09-13 14:00:00","2025-09-13 11:55:39"
296,"2025-09-13","Premier League (England)","Crystal Palace","Sunderland",0,0,"Draw","1.70","3.50","5.00","Paddy Power",1379003,"2025-09-13 14:00:00","2025-09-13 11:55:39"
297,"2025-09-13","Premier League (England)","West Ham","Tottenham",0,3,"Away","3.30","3.50","2.10","Paddy Power",1379008,"2025-09-13 16:30:00","2025-09-13 11:55:39"
298,"2025-09-13","Premier League (England)","Brentford","Chelsea",2,2,"Draw","4.00","3.60","1.85","Paddy Power",1379001,"2025-09-13 19:00:00","2025-09-13 11:55:39"
299,"2025-09-14","Premier League (England)","Burnley","Liverpool",0,1,"Away","8.50","5.50","1.30","Paddy Power",1379002,"2025-09-14 13:00:00","2025-09-14 11:55:38"
300,"2025-09-14","Premier League (England)","Manchester City","Manchester United",3,0,"Home","1.73","3.80","4.33","Paddy Power",1379006,"2025-09-14 15:30:00","2025-09-14 11:55:38"
301,"2025-09-20","Premier League (England)","Liverpool","Everton",2,1,"Home","1.12","7.00","17.00","Paddy Power",1379014,"2025-09-20 11:30:00","2025-09-20 11:55:39"
302,"2025-09-20","Premier League (England)","Wolves","Leeds",1,3,"Away","2.75","3.00","2.70","Paddy Power",1379018,"2025-09-20 14:00:00","2025-09-20 11:55:39"
303,"2025-09-20","Premier League (England)","Burnley","Nottingham Forest",1,1,"Draw","3.30","3.25","2.20","Paddy Power",1379012,"2025-09-20 14:00:00","2025-09-20 11:55:39"
304,"2025-09-20","Premier League (England)","West Ham","Crystal Palace",1,2,"Away","3.00","3.25","2.30","888sport",1379017,"2025-09-20 14:00:00","2025-09-20 11:55:39"
305,"2025-09-20","Premier League (England)","Brighton","Tottenham",2,2,"Draw","2.20","3.60","3.00","Paddy Power",1379011,"2025-09-20 14:00:00","2025-09-20 11:55:39"
306,"2025-09-20","Premier League (England)","Manchester United","Chelsea",2,1,"Home","2.50","3.50","2.50","888sport",1379015,"2025-09-20 16:30:00","2025-09-20 11:55:39"
307,"2025-09-20","Premier League (England)","Fulham","Brentford",3,1,"Home","2.00","3.30","3.70","Paddy Power",1379013,"2025-09-20 19:00:00","2025-09-20 11:55:39"
308,"2025-09-21","Premier League (England)","Bournemouth","Newcastle",0,0,"Draw","2.36","3.40","3.45","Smarkets",1379010,"2025-09-21 13:00:00","2025-09-21 11:55:38"
309,"2025-09-21","Premier League (England)","Sunderland","Aston Villa",1,1,"Draw","3.40","3.10","2.15","888sport",1379016,"2025-09-21 13:00:00","2025-09-21 11:55:38"
310,"2025-09-21","Premier League (England)","Arsenal","Manchester City",1,1,"Draw","1.91","3.60","3.75","Paddy Power",1379009,"2025-09-21 15:30:00","2025-09-21 11:55:38"
311,"2025-09-27","Premier League (England)","Brentford","Manchester United",3,1,"Home","1.29","5.50","9.00","Paddy Power",1379020,"2025-09-27 11:30:00","2025-09-27 11:55:40"
312,"2025-09-27","Premier League (England)","Chelsea","Brighton",1,3,"Away","1.85","3.75","3.80","Paddy Power",1379021,"2025-09-27 14:00:00","2025-09-27 11:55:40"
313,"2025-09-27","Premier League (England)","Manchester City","Burnley",5,1,"Home","1.14","7.00","17.00","Paddy Power",1379025,"2025-09-27 14:00:00","2025-09-27 11:55:40"
314,"2025-09-27","Premier League (England)","Crystal Palace","Liverpool",2,1,"Home","4.20","3.60","1.83","Paddy Power",1379022,"2025-09-27 14:00:00","2025-09-27 11:55:40"
315,"2025-09-27","Premier League (England)","Leeds","Bournemouth",2,2,"Draw","2.90","3.20","2.40","Paddy Power",1379024,"2025-09-27 14:00:00","2025-09-27 11:55:40"
316,"2025-09-27","Premier League (England)","Nottingham Forest","Sunderland",0,1,"Away","1.73","3.60","4.75","Paddy Power",1379027,"2025-09-27 16:30:00","2025-09-27 11:55:40"
317,"2025-09-27","Premier League (England)","Tottenham","Wolves",1,1,"Draw","1.50","4.20","6.00","Paddy Power",1379028,"2025-09-27 19:00:00","2025-09-27 11:55:40"
318,"2025-09-28","Premier League (England)","Aston Villa","Fulham",3,1,"Home","2.25","3.10","3.30","Paddy Power",1379019,"2025-09-28 13:00:00","2025-09-28 11:55:38"
319,"2025-09-28","Premier League (England)","Newcastle","Arsenal",1,2,"Away","3.60","3.25","2.10","Paddy Power",1379026,"2025-09-28 15:30:00","2025-09-28 11:55:38"
320,"2025-09-29","Premier League (England)","Everton","West Ham",1,1,"Draw","1.62","3.75","5.50","Paddy Power",1379023,"2025-09-29 19:00:00","2025-09-29 11:55:39"
321,"2025-10-03","Premier League (England)","Bournemouth","Fulham",3,1,"Home","2.00","3.40","3.75","William Hill",1379031,"2025-10-03 19:00:00","2025-10-03 11:55:39"
322,"2025-10-04","Premier League (England)","Leeds","Tottenham",1,2,"Away","6.00","4.00","1.53","Paddy Power",1379035,"2025-10-04 11:30:00","2025-10-04 11:55:39"
323,"2025-10-04","Premier League (England)","Manchester United","Sunderland",2,0,"Home","1.53","4.20","5.50","BoyleSports",1379036,"2025-10-04 14:00:00","2025-10-04 11:55:39"
324,"2025-10-04","Premier League (England)","Arsenal","West Ham",2,0,"Home","1.22","6.00","13.00","William Hill",1379029,"2025-10-04 14:00:00","2025-10-04 11:55:39"
325,"2025-10-04","Premier League (England)","Chelsea","Liverpool",2,1,"Home","2.80","3.60","2.30","BoyleSports",1379033,"2025-10-04 16:30:00","2025-10-04 11:55:39"
326,"2025-10-05","Premier League (England)","Newcastle","Nottingham Forest",2,0,"Home","1.50","4.33","6.00","Paddy Power",1379037,"2025-10-05 13:00:00","2025-10-05 11:55:38"
327,"2025-10-05","Premier League (England)","Wolves","Brighton",1,1,"Draw","3.30","3.30","2.10","BoyleSports",1379038,"2025-10-05 13:00:00","2025-10-05 11:55:38"
328,"2025-10-05","Premier League (England)","Everton","Crystal Palace",2,1,"Home","2.62","3.10","2.70","BoyleSports",1379034,"2025-10-05 13:00:00","2025-10-05 11:55:38"
329,"2025-10-05","Premier League (England)","Aston Villa","Burnley",2,1,"Home","1.57","3.80","5.50","BoyleSports",1379030,"2025-10-05 13:00:00","2025-10-05 11:55:38"
330,"2025-10-05","Premier League (England)","Brentford","Manchester City",0,1,"Away","5.00","4.33","1.57","Paddy Power",1379032,"2025-10-05 15:30:00","2025-10-05 11:55:38"
331,"2025-10-18","Premier League (England)","Nottingham Forest","Chelsea",0,3,"Away","3.00","3.00","2.38","Paddy Power",1379045,"2025-10-18 11:30:00","2025-10-18 11:55:40"
332,"2025-10-18","Premier League (England)","Burnley","Leeds",2,0,"Home","3.40","3.10","2.20","Paddy Power",1379040,"2025-10-18 14:00:00","2025-10-18 11:55:40"
333,"2025-10-18","Premier League (England)","Manchester City","Everton",2,0,"Home","1.36","4.50","8.00","Paddy Power",1379044,"2025-10-18 14:00:00","2025-10-18 11:55:40"
334,"2025-10-18","Premier League (England)","Brighton","Newcastle",2,1,"Home","2.80","3.30","2.45","Paddy Power",1379039,"2025-10-18 14:00:00","2025-10-18 11:55:40"
335,"2025-10-18","Premier League (England)","Crystal Palace","Bournemouth",3,3,"Draw","2.20","3.30","3.30","Paddy Power",1379041,"2025-10-18 14:00:00","2025-10-18 11:55:40"
336,"2025-10-18","Premier League (England)","Sunderland","Wolves",2,0,"Home","2.50","2.90","3.00","Paddy Power",1379046,"2025-10-18 14:00:00","2025-10-18 11:55:40"
337,"2025-10-18","Premier League (England)","Fulham","Arsenal",0,1,"Away","7.50","4.00","1.44","Paddy Power",1379042,"2025-10-18 16:30:00","2025-10-18 11:55:40"
338,"2025-10-19","Premier League (England)","Tottenham","Aston Villa",1,2,"Away","2.15","3.30","3.40","Paddy Power",1379047,"2025-10-19 13:00:00","2025-10-19 11:55:39"
339,"2025-10-19","Premier League (England)","Liverpool","Manchester United",1,2,"Away","1.57","4.33","5.00","Paddy Power",1379043,"2025-10-19 15:30:00","2025-10-19 11:55:39"
340,"2025-10-20","Premier League (England)","West Ham","Brentford",0,2,"Away","2.50","3.25","2.75","Paddy Power",1379048,"2025-10-20 19:00:00","2025-10-20 11:55:39"
341,"2025-10-24","Premier League (England)","Leeds","West Ham",2,1,"Home","1.80","3.50","4.50","Paddy Power",1379055,"2025-10-24 19:00:00","2025-10-24 11:55:39"
342,"2025-10-25","Premier League (England)","Newcastle","Fulham",2,1,"Home","1.62","3.80","5.50","Paddy Power",1379057,"2025-10-25 14:00:00","2025-10-25 11:55:39"
343,"2025-10-25","Premier League (England)","Chelsea","Sunderland",1,2,"Away","1.36","4.50","8.00","Paddy Power",1379053,"2025-10-25 14:00:00","2025-10-25 11:55:39"
344,"2025-10-25","Premier League (England)","Manchester United","Brighton",4,2,"Home","2.00","3.75","3.30","Paddy Power",1379056,"2025-10-25 16:30:00","2025-10-25 11:55:39"
345,"2025-10-25","Premier League (England)","Brentford","Liverpool",3,2,"Home","3.80","3.80","1.80","Paddy Power",1379052,"2025-10-25 19:00:00","2025-10-25 11:55:39"
346,"2025-10-26","Premier League (England)","Bournemouth","Nottingham Forest",2,0,"Home","1.87","3.50","4.00","Paddy Power",1379051,"2025-10-26 14:00:00","2025-10-26 11:55:38"
347,"2025-10-26","Premier League (England)","Wolves","Burnley",2,3,"Away","1.90","3.25","4.33","Paddy Power",1379058,"2025-10-26 14:00:00","2025-10-26 11:55:38"
348,"2025-10-26","Premier League (England)","Arsenal","Crystal Palace",1,0,"Home","1.36","4.75","8.50","Paddy Power",1379049,"2025-10-26 14:00:00","2025-10-26 11:55:38"
349,"2025-10-26","Premier League (England)","Aston Villa","Manchester City",1,0,"Home","4.50","3.80","1.73","Paddy Power",1379050,"2025-10-26 14:00:00","2025-10-26 11:55:38"
350,"2025-10-26","Premier League (England)","Everton","Tottenham",0,3,"Away","2.30","3.20","3.10","Paddy Power",1379054,"2025-10-26 16:30:00","2025-10-26 11:55:38"
351,"2025-11-01","Premier League (England)","Fulham","Wolves",3,0,"Home","1.73","3.60","4.75","Paddy Power",1379062,"2025-11-01 15:00:00","2025-11-01 11:55:39"
352,"2025-11-01","Premier League (England)","Burnley","Arsenal",0,2,"Away","13.00","5.50","1.22","Paddy Power",1379060,"2025-11-01 15:00:00","2025-11-01 11:55:39"
353,"2025-11-01","Premier League (England)","Brighton","Leeds",3,0,"Home","1.95","3.50","3.75","Paddy Power",1379059,"2025-11-01 15:00:00","2025-11-01 11:55:39"
354,"2025-11-01","Premier League (England)","Crystal Palace","Brentford",2,0,"Home","2.00","3.50","3.60","Paddy Power",1379061,"2025-11-01 15:00:00","2025-11-01 11:55:39"
355,"2025-11-01","Premier League (England)","Nottingham Forest","Manchester United",2,2,"Draw","3.40","3.60","2.00","Paddy Power",1379065,"2025-11-01 15:00:00","2025-11-01 11:55:39"
356,"2025-11-01","Premier League (England)","Tottenham","Chelsea",0,1,"Away","2.75","3.40","2.50","Paddy Power",1379067,"2025-11-01 17:30:00","2025-11-01 11:55:39"
357,"2025-11-01","Premier League (England)","Liverpool","Aston Villa",2,0,"Home","1.62","4.20","4.75","Paddy Power",1379063,"2025-11-01 20:00:00","2025-11-01 11:55:39"
358,"2025-11-02","Premier League (England)","West Ham","Newcastle",3,1,"Home","5.00","4.20","1.57","Paddy Power",1379068,"2025-11-02 14:00:00","2025-11-02 11:55:38"
359,"2025-11-02","Premier League (England)","Manchester City","Bournemouth",3,1,"Home","1.44","4.75","6.00","Paddy Power",1379064,"2025-11-02 16:30:00","2025-11-02 11:55:38"
360,"2025-11-03","Premier League (England)","Sunderland","Everton",1,1,"Draw","2.80","3.00","2.62","Paddy Power",1379066,"2025-11-03 20:00:00","2025-11-03 11:55:37"
361,"2025-11-08","Premier League (England)","Tottenham","Manchester United",2,2,"Draw","2.80","3.40","2.40","Paddy Power",1379077,"2025-11-08 12:30:00","2025-11-08 11:55:38"
362,"2025-11-08","Premier League (England)","Everton","Fulham",2,0,"Home","2.20","3.25","3.30","Sky Bet",1379073,"2025-11-08 15:00:00","2025-11-08 11:55:38"
363,"2025-11-08","Premier League (England)","West Ham","Burnley",3,2,"Home","1.80","3.60","4.33","Sky Bet",1379078,"2025-11-08 15:00:00","2025-11-08 11:55:38"
364,"2025-11-08","Premier League (England)","Sunderland","Arsenal",2,2,"Draw","7.50","4.50","1.40","Sky Bet",1379076,"2025-11-08 17:30:00","2025-11-08 11:55:38"
365,"2025-11-08","Premier League (England)","Chelsea","Wolves",3,0,"Home","1.36","5.00","8.00","Sky Bet",1379071,"2025-11-08 20:00:00","2025-11-08 11:55:38"
366,"2025-11-09","Premier League (England)","Crystal Palace","Brighton",0,0,"Draw","2.25","3.30","3.00","Paddy Power",1379072,"2025-11-09 14:00:00","2025-11-09 11:55:37"
367,"2025-11-09","Premier League (England)","Brentford","Newcastle",3,1,"Home","2.88","3.30","2.40","Paddy Power",1379070,"2025-11-09 14:00:00","2025-11-09 11:55:37"
368,"2025-11-09","Premier League (England)","Nottingham Forest","Leeds",3,1,"Home","2.25","3.10","3.25","Paddy Power",1379075,"2025-11-09 14:00:00","2025-11-09 11:55:37"
369,"2025-11-09","Premier League (England)","Aston Villa","Bournemouth",4,0,"Home","2.25","3.40","3.10","Sky Bet",1379069,"2025-11-09 14:00:00","2025-11-09 11:55:37"
370,"2025-11-09","Premier League (England)","Manchester City","Liverpool",3,0,"Home","1.87","4.00","3.60","Sky Bet",1379074,"2025-11-09 16:30:00","2025-11-09 11:55:37"
371,"2025-11-22","Premier League (England)","Burnley","Chelsea",0,2,"Away","5.75","4.25","1.55","Unibet (UK)",1379082,"2025-11-22 12:30:00","2025-11-22 11:55:37"
372,"2025-11-22","Premier League (England)","Bournemouth","West Ham",2,2,"Draw","1.70","4.00","4.75","Unibet (UK)",1379080,"2025-11-22 15:00:00","2025-11-22 11:55:37"
373,"2025-11-22","Premier League (England)","Fulham","Sunderland",1,0,"Home","2.15","3.30","3.60","Unibet (UK)",1379083,"2025-11-22 15:00:00","2025-11-22 11:55:37"
374,"2025-11-22","Premier League (England)","Wolves","Crystal Palace",0,2,"Away","4.40","3.60","1.82","Unibet (UK)",1379088,"2025-11-22 15:00:00","2025-11-22 11:55:37"
375,"2025-11-22","Premier League (England)","Liverpool","Nottingham Forest",0,3,"Away","1.45","4.80","6.50","Unibet (UK)",1379085,"2025-11-22 15:00:00","2025-11-22 11:55:37"
376,"2025-11-22","Premier League (England)","Brighton","Brentford",2,1,"Home","2.00","3.60","3.75","Unibet (UK)",1379081,"2025-11-22 15:00:00","2025-11-22 11:55:37"
377,"2025-11-22","Premier League (England)","Newcastle","Manchester City",2,1,"Home","3.50","3.75","2.02","Unibet (UK)",1379087,"2025-11-22 17:30:00","2025-11-22 11:55:37"
378,"2025-11-23","Premier League (England)","Leeds","Aston Villa",1,2,"Away","2.90","3.25","2.50","Unibet (UK)",1379084,"2025-11-23 14:00:00","2025-11-23 11:55:37"
379,"2025-11-23","Premier League (England)","Arsenal","Tottenham",4,1,"Home","1.45","4.60","7.50","Unibet (UK)",1379079,"2025-11-23 16:30:00","2025-11-23 11:55:37"
380,"2025-11-24","Premier League (England)","Manchester United","Everton",0,1,"Away","1.85","3.80","4.00","Unibet (UK)",1379086,"2025-11-24 20:00:00","2025-11-24 11:55:37"
381,"2025-11-29","Premier League (England)","Manchester City","Leeds",3,2,"Home","1.27","6.00","10.00","Unibet (UK)",1379094,"2025-11-29 15:00:00","2025-11-29 11:55:38"
382,"2025-11-29","Premier League (England)","Brentford","Burnley",3,1,"Home","1.50","4.50","6.50","Unibet (UK)",1379090,"2025-11-29 15:00:00","2025-11-29 11:55:38"
383,"2025-11-29","Premier League (England)","Sunderland","Bournemouth",3,2,"Home","3.10","3.30","2.38","Unibet (UK)",1379096,"2025-11-29 15:00:00","2025-11-29 11:55:38"
384,"2025-11-29","Premier League (England)","Everton","Newcastle",1,4,"Away","2.75","3.30","2.60","Unibet (UK)",1379093,"2025-11-29 17:30:00","2025-11-29 11:55:38"
385,"2025-11-29","Premier League (England)","Tottenham","Fulham",1,2,"Away","2.25","3.35","3.25","Unibet (UK)",1379097,"2025-11-29 20:00:00","2025-11-29 11:55:38"
386,"2025-11-30","Premier League (England)","Crystal Palace","Manchester United",1,2,"Away","2.08","3.60","3.45","Unibet (UK)",1379092,"2025-11-30 12:00:00","2025-11-30 11:55:37"
387,"2025-11-30","Premier League (England)","West Ham","Liverpool",0,2,"Away","5.00","4.50","1.60","Unibet (UK)",1379098,"2025-11-30 14:05:00","2025-11-30 11:55:37"
388,"2025-11-30","Premier League (England)","Nottingham Forest","Brighton",0,2,"Away","2.70","3.35","2.65","Unibet (UK)",1379095,"2025-11-30 14:05:00","2025-11-30 11:55:37"
389,"2025-11-30","Premier League (England)","Aston Villa","Wolves",1,0,"Home","1.50","4.50","6.50","Unibet (UK)",1379089,"2025-11-30 14:05:00","2025-11-30 11:55:37"
390,"2025-11-30","Premier League (England)","Chelsea","Arsenal",1,1,"Draw","3.30","3.25","2.30","Unibet (UK)",1379091,"2025-11-30 16:30:00","2025-11-30 11:55:37"
391,"2025-12-02","Premier League (England)","Bournemouth","Everton",0,1,"Away","2.15","3.30","3.40","Coral",1379100,"2025-12-02 19:30:00","2025-12-02 11:55:37"
392,"2025-12-02","Premier League (England)","Fulham","Manchester City",4,5,"Away","4.50","4.20","1.70","Coral",1379103,"2025-12-02 19:30:00","2025-12-02 11:55:37"
393,"2025-12-02","Premier League (England)","Newcastle","Tottenham",2,2,"Draw","1.80","3.75","4.20","Coral",1379107,"2025-12-02 20:15:00","2025-12-02 11:55:37"
394,"2025-12-03","Premier League (England)","Wolves","Nottingham Forest",0,1,"Away","3.20","3.25","2.30","Unibet (UK)",1379108,"2025-12-03 19:30:00","2025-12-03 11:55:38"
395,"2025-12-03","Premier League (England)","Arsenal","Brentford",2,0,"Home","1.40","4.80","8.00","Unibet (UK)",1379099,"2025-12-03 19:30:00","2025-12-03 11:55:38"
396,"2025-12-03","Premier League (England)","Burnley","Crystal Palace",0,1,"Away","5.00","3.50","1.73","Paddy Power",1379102,"2025-12-03 19:30:00","2025-12-03 11:55:38"
397,"2025-12-03","Premier League (England)","Brighton","Aston Villa",3,4,"Away","2.15","3.50","3.40","Unibet (UK)",1379101,"2025-12-03 19:30:00","2025-12-03 11:55:38"
398,"2025-12-03","Premier League (England)","Liverpool","Sunderland",1,1,"Draw","1.37","5.25","7.50","Unibet (UK)",1379105,"2025-12-03 20:15:00","2025-12-03 11:55:38"
399,"2025-12-03","Premier League (England)","Leeds","Chelsea",3,1,"Home","3.90","3.75","1.90","Unibet (UK)",1379104,"2025-12-03 20:15:00","2025-12-03 11:55:38"
400,"2025-12-04","Premier League (England)","Manchester United","West Ham",1,1,"Draw","1.42","5.00","6.50","Unibet (UK)",1379106,"2025-12-04 20:00:00","2025-12-04 11:55:37"
401,"2025-12-06","Premier League (England)","Aston Villa","Arsenal",2,1,"Home","4.70","3.60","1.96","Smarkets",1379109,"2025-12-06 12:30:00","2025-12-06 11:55:38"
402,"2025-12-06","Premier League (England)","Newcastle","Burnley",2,1,"Home","1.33","5.50","9.00","Unibet (UK)",1379116,"2025-12-06 15:00:00","2025-12-06 11:55:38"
403,"2025-12-06","Premier League (England)","Bournemouth","Chelsea",0,0,"Draw","3.55","3.95","2.10","Smarkets",1379110,"2025-12-06 15:00:00","2025-12-06 11:55:38"
404,"2025-12-06","Premier League (England)","Everton","Nottingham Forest",3,0,"Home","2.15","3.25","3.60","Unibet (UK)",1379112,"2025-12-06 15:00:00","2025-12-06 11:55:38"
405,"2025-12-06","Premier League (England)","Tottenham","Brentford",2,0,"Home","2.38","3.30","3.00","Paddy Power",1379117,"2025-12-06 15:00:00","2025-12-06 11:55:38"
406,"2025-12-06","Premier League (England)","Manchester City","Sunderland",3,0,"Home","1.29","6.00","10.00","Unibet (UK)",1379115,"2025-12-06 15:00:00","2025-12-06 11:55:38"
407,"2025-12-06","Premier League (England)","Leeds","Liverpool",3,3,"Draw","4.20","3.80","1.84","Unibet (UK)",1379114,"2025-12-06 17:30:00","2025-12-06 11:55:38"
408,"2025-12-07","Premier League (England)","Brighton","West Ham",1,1,"Draw","1.60","4.35","5.25","Unibet (UK)",1379111,"2025-12-07 14:00:00","2025-12-07 11:55:37"
409,"2025-12-07","Premier League (England)","Fulham","Crystal Palace",1,2,"Away","2.60","3.25","2.80","Unibet (UK)",1379113,"2025-12-07 16:30:00","2025-12-07 11:55:37"
410,"2025-12-08","Premier League (England)","Wolves","Manchester United",1,4,"Away","5.00","4.20","1.62","Unibet (UK)",1379118,"2025-12-08 20:00:00","2025-12-08 11:55:37"
411,"2025-12-13","Premier League (England)","Liverpool","Brighton",2,0,"Home","1.73","4.20","4.40","Unibet (UK)",1379124,"2025-12-13 15:00:00","2025-12-13 11:55:37"
412,"2025-12-13","Premier League (England)","Chelsea","Everton",2,0,"Home","1.73","3.80","4.75","Unibet (UK)",1379122,"2025-12-13 15:00:00","2025-12-13 11:55:37"
413,"2025-12-13","Premier League (England)","Burnley","Fulham",2,3,"Away","3.80","3.35","2.02","Unibet (UK)",1379121,"2025-12-13 17:30:00","2025-12-13 11:55:37"
414,"2025-12-13","Premier League (England)","Arsenal","Wolves",2,1,"Home","1.13","8.50","23.00","Unibet (UK)",1379119,"2025-12-13 20:00:00","2025-12-13 11:55:37"
415,"2025-12-14","Premier League (England)","West Ham","Aston Villa",2,3,"Away","3.45","3.45","2.15","Unibet (UK)",1379128,"2025-12-14 14:00:00","2025-12-14 11:55:37"
416,"2025-12-14","Premier League (England)","Crystal Palace","Manchester City",0,3,"Away","4.33","3.75","1.75","Paddy Power",1379123,"2025-12-14 14:00:00","2025-12-14 11:55:37"
417,"2025-12-14","Premier League (England)","Nottingham Forest","Tottenham",3,0,"Home","2.62","3.20","2.70","Paddy Power",1379126,"2025-12-14 14:00:00","2025-12-14 11:55:37"
418,"2025-12-14","Premier League (England)","Sunderland","Newcastle",1,0,"Home","3.50","3.35","2.15","Unibet (UK)",1379127,"2025-12-14 14:00:00","2025-12-14 11:55:37"
419,"2025-12-14","Premier League (England)","Brentford","Leeds",1,1,"Draw","1.98","3.40","4.00","Unibet (UK)",1379120,"2025-12-14 16:30:00","2025-12-14 11:55:37"
420,"2025-12-15","Premier League (England)","Manchester United","Bournemouth",4,4,"Draw","1.80","4.00","3.80","Paddy Power",1379125,"2025-12-15 20:00:00","2025-12-15 11:55:37"
421,"2025-12-20","Premier League (England)","Newcastle","Chelsea",2,2,"Draw","2.70","3.50","2.50","Unibet (UK)",1379136,"2025-12-20 12:30:00","2025-12-20 11:55:37"
422,"2025-12-20","Premier League (England)","Bournemouth","Burnley",1,1,"Draw","1.50","4.50","6.00","Unibet (UK)",1379130,"2025-12-20 15:00:00","2025-12-20 11:55:37"
423,"2025-12-20","Premier League (England)","Wolves","Brentford",0,2,"Away","3.45","3.40","2.15","Unibet (UK)",1379138,"2025-12-20 15:00:00","2025-12-20 11:55:37"
424,"2025-12-20","Premier League (England)","Manchester City","West Ham",3,0,"Home","1.20","7.00","12.00","Unibet (UK)",1379135,"2025-12-20 15:00:00","2025-12-20 11:55:37"
425,"2025-12-20","Premier League (England)","Brighton","Sunderland",0,0,"Draw","1.67","4.00","5.00","Unibet (UK)",1379131,"2025-12-20 15:00:00","2025-12-20 11:55:37"
426,"2025-12-20","Premier League (England)","Tottenham","Liverpool",1,2,"Away","3.45","3.60","2.05","Unibet (UK)",1379137,"2025-12-20 17:30:00","2025-12-20 11:55:37"
427,"2025-12-20","Premier League (England)","Everton","Arsenal",0,1,"Away","6.00","4.00","1.58","Unibet (UK)",1379132,"2025-12-20 20:00:00","2025-12-20 11:55:37"
428,"2025-12-20","Premier League (England)","Leeds","Crystal Palace",4,1,"Home","2.70","3.20","2.70","Unibet (UK)",1379134,"2025-12-20 20:00:00","2025-12-20 11:55:37"
429,"2025-12-21","Premier League (England)","Aston Villa","Manchester United",2,1,"Home","2.10","3.75","3.30","Unibet (UK)",1379129,"2025-12-21 16:30:00","2025-12-21 11:55:37"
430,"2025-12-22","Premier League (England)","Fulham","Nottingham Forest",1,0,"Home","2.50","3.25","2.95","Unibet (UK)",1379133,"2025-12-22 20:00:00","2025-12-22 11:55:37"
431,"2025-12-26","Premier League (England)","Manchester United","Newcastle",1,0,"Home","2.60","3.60","2.60","Unibet (UK)",1379145,"2025-12-26 20:00:00","2025-12-26 11:55:38"
432,"2025-12-27","Premier League (England)","Nottingham Forest","Manchester City",1,2,"Away","5.25","4.25","1.60","Unibet (UK)",1379146,"2025-12-27 12:30:00","2025-12-27 11:55:37"
433,"2025-12-27","Premier League (England)","Liverpool","Wolves",2,1,"Home","1.25","6.50","11.00","Unibet (UK)",1379144,"2025-12-27 15:00:00","2025-12-27 11:55:37"
434,"2025-12-27","Premier League (England)","Arsenal","Brighton",2,1,"Home","1.33","5.00","8.50","Sky Bet",1379139,"2025-12-27 15:00:00","2025-12-27 11:55:37"
435,"2025-12-27","Premier League (England)","Burnley","Everton",0,0,"Draw","3.60","3.20","2.20","Unibet (UK)",1379141,"2025-12-27 15:00:00","2025-12-27 11:55:37"
436,"2025-12-27","Premier League (England)","West Ham","Fulham",0,1,"Away","2.70","3.35","2.60","Unibet (UK)",1379148,"2025-12-27 15:00:00","2025-12-27 11:55:37"
437,"2025-12-27","Premier League (England)","Brentford","Bournemouth",4,1,"Home","2.30","3.60","2.95","Unibet (UK)",1379140,"2025-12-27 15:00:00","2025-12-27 11:55:37"
438,"2025-12-27","Premier League (England)","Chelsea","Aston Villa",1,2,"Away","1.82","3.80","4.20","Unibet (UK)",1379142,"2025-12-27 17:30:00","2025-12-27 11:55:37"
439,"2025-12-28","Premier League (England)","Sunderland","Leeds",1,1,"Draw","2.75","3.10","2.70","Unibet (UK)",1379147,"2025-12-28 14:00:00","2025-12-28 11:55:37"
440,"2025-12-28","Premier League (England)","Crystal Palace","Tottenham",0,1,"Away","2.25","3.35","3.20","Unibet (UK)",1379143,"2025-12-28 16:30:00","2025-12-28 11:55:37"
441,"2025-12-30","Premier League (England)","Burnley","Newcastle",1,3,"Away","5.50","4.20","1.60","Unibet (UK)",1379151,"2025-12-30 19:30:00","2025-12-30 11:55:37"
442,"2025-12-30","Premier League (England)","West Ham","Brighton",2,2,"Draw","3.40","3.75","2.05","Unibet (UK)",1379158,"2025-12-30 19:30:00","2025-12-30 11:55:37"
443,"2025-12-30","Premier League (England)","Chelsea","Bournemouth",2,2,"Draw","1.50","4.75","5.75","Unibet (UK)",1379152,"2025-12-30 19:30:00","2025-12-30 11:55:37"
444,"2025-12-30","Premier League (England)","Nottingham Forest","Everton",0,2,"Away","2.15","3.25","3.75","Unibet (UK)",1379156,"2025-12-30 19:30:00","2025-12-30 11:55:37"
445,"2025-12-30","Premier League (England)","Manchester United","Wolves",1,1,"Draw","1.40","5.00","7.50","Unibet (UK)",1379155,"2025-12-30 20:15:00","2025-12-30 11:55:37"
446,"2025-12-30","Premier League (England)","Arsenal","Aston Villa",4,1,"Home","1.42","4.80","7.50","Unibet (UK)",1379149,"2025-12-30 20:15:00","2025-12-30 11:55:37"
447,"2026-01-01","Premier League (England)","Liverpool","Leeds",0,0,"Draw","1.54","4.50","6.00","Unibet (UK)",1379154,"2026-01-01 17:30:00","2026-01-01 11:55:37"
448,"2026-01-01","Premier League (England)","Crystal Palace","Fulham",1,1,"Draw","2.15","3.35","3.60","Unibet (UK)",1379153,"2026-01-01 17:30:00","2026-01-01 11:55:37"
449,"2026-01-01","Premier League (England)","Brentford","Tottenham",0,0,"Draw","2.30","3.50","3.00","Unibet (UK)",1379150,"2026-01-01 20:00:00","2026-01-01 11:55:37"
450,"2026-01-01","Premier League (England)","Sunderland","Manchester City",0,0,"Draw","7.00","4.50","1.40","William Hill",1379157,"2026-01-01 20:00:00","2026-01-01 11:55:37"
451,"2026-01-03","Premier League (England)","Aston Villa","Nottingham Forest",3,1,"Home","1.98","3.60","4.50","Smarkets",1379159,"2026-01-03 12:30:00","2026-01-03 11:55:37"
452,"2026-01-03","Premier League (England)","Wolves","West Ham",3,0,"Home","2.60","3.20","2.75","Betway",1379168,"2026-01-03 15:00:00","2026-01-03 11:55:37"
453,"2026-01-03","Premier League (England)","Brighton","Burnley",2,0,"Home","1.48","4.70","8.00","Smarkets",1379161,"2026-01-03 15:00:00","2026-01-03 11:55:37"
454,"2026-01-03","Premier League (England)","Bournemouth","Arsenal",2,3,"Away","6.00","4.50","1.50","Betway",1379160,"2026-01-03 17:30:00","2026-01-03 11:55:37"
455,"2026-01-04","Premier League (England)","Leeds","Manchester United",1,1,"Draw","2.75","3.20","2.60","Betway",1379164,"2026-01-04 12:30:00","2026-01-04 11:55:37"
456,"2026-01-04","Premier League (England)","Newcastle","Crystal Palace",2,0,"Home","1.61","4.00","5.25","Betway",1379166,"2026-01-04 15:00:00","2026-01-04 11:55:37"
457,"2026-01-04","Premier League (England)","Everton","Brentford",2,4,"Away","2.50","3.15","3.00","Unibet (UK)",1379162,"2026-01-04 15:00:00","2026-01-04 11:55:37"
458,"2026-01-04","Premier League (England)","Tottenham","Sunderland",1,1,"Draw","1.85","3.50","4.40","Unibet (UK)",1379167,"2026-01-04 15:00:00","2026-01-04 11:55:37"
459,"2026-01-04","Premier League (England)","Fulham","Liverpool",2,2,"Draw","4.00","3.75","1.88","Unibet (UK)",1379163,"2026-01-04 15:15:00","2026-01-04 11:55:37"
460,"2026-01-04","Premier League (England)","Manchester City","Chelsea",1,1,"Draw","1.61","4.33","4.75","Betway",1379165,"2026-01-04 17:30:00","2026-01-04 11:55:37"
461,"2026-01-06","Premier League (England)","West Ham","Nottingham Forest",1,2,"Away","3.10","3.40","2.25","Sky Bet",1379178,"2026-01-06 20:00:00","2026-01-06 11:55:37"
462,"2026-01-07","Premier League (England)","Bournemouth","Tottenham",3,2,"Home","2.20","3.60","3.20","Unibet (UK)",1379170,"2026-01-07 19:30:00","2026-01-07 11:55:37"
463,"2026-01-07","Premier League (England)","Fulham","Chelsea",2,1,"Home","3.75","3.75","2.10","Smarkets",1379175,"2026-01-07 19:30:00","2026-01-07 11:55:37"
464,"2026-01-07","Premier League (England)","Everton","Wolves",1,1,"Draw","1.82","3.50","4.60","Unibet (UK)",1379174,"2026-01-07 19:30:00","2026-01-07 11:55:37"
465,"2026-01-07","Premier League (England)","Manchester City","Brighton",1,1,"Draw","1.48","4.75","5.75","Betway",1379176,"2026-01-07 19:30:00","2026-01-07 11:55:37"
466,"2026-01-07","Premier League (England)","Crystal Palace","Aston Villa",0,0,"Draw","3.20","3.45","2.44","Smarkets",1379173,"2026-01-07 19:30:00","2026-01-07 11:55:37"
467,"2026-01-07","Premier League (England)","Brentford","Sunderland",3,0,"Home","1.83","3.40","4.50","Betway",1379171,"2026-01-07 19:30:00","2026-01-07 11:55:37"
468,"2026-01-07","Premier League (England)","Newcastle","Leeds",4,3,"Home","1.70","4.10","5.60","Smarkets",1379177,"2026-01-07 20:15:00","2026-01-07 11:55:37"
469,"2026-01-07","Premier League (England)","Burnley","Manchester United",2,2,"Draw","5.50","3.95","1.73","Smarkets",1379172,"2026-01-07 20:15:00","2026-01-07 11:55:37"
470,"2026-01-08","Premier League (England)","Arsenal","Liverpool",0,0,"Draw","1.60","4.20","5.00","Betway",1379169,"2026-01-08 20:00:00","2026-01-08 11:55:37"
471,"2026-01-17","Premier League (England)","Manchester United","Manchester City",2,0,"Home","3.15","3.75","2.15","Unibet (UK)",1379184,"2026-01-17 12:30:00","2026-01-17 11:55:38"
472,"2026-01-17","Premier League (England)","Liverpool","Burnley",1,1,"Draw","1.20","6.50","13.00","Paddy Power",1379183,"2026-01-17 15:00:00","2026-01-17 11:55:38"
473,"2026-01-17","Premier League (England)","Tottenham","West Ham",1,2,"Away","1.70","3.80","4.50","Paddy Power",1379187,"2026-01-17 15:00:00","2026-01-17 11:55:38"
474,"2026-01-17","Premier League (England)","Chelsea","Brentford",2,0,"Home","1.88","3.80","3.90","Unibet (UK)",1379181,"2026-01-17 15:00:00","2026-01-17 11:55:38"
475,"2026-01-17","Premier League (England)","Leeds","Fulham",1,0,"Home","2.15","3.40","3.45","Unibet (UK)",1379182,"2026-01-17 15:00:00","2026-01-17 11:55:38"
476,"2026-01-17","Premier League (England)","Sunderland","Crystal Palace",2,1,"Home","2.38","3.15","3.20","Unibet (UK)",1379186,"2026-01-17 15:00:00","2026-01-17 11:55:38"
477,"2026-01-17","Premier League (England)","Nottingham Forest","Arsenal",0,0,"Draw","6.00","4.00","1.58","Unibet (UK)",1379185,"2026-01-17 17:30:00","2026-01-17 11:55:38"
478,"2026-01-18","Premier League (England)","Wolves","Newcastle",0,0,"Draw","4.60","4.10","1.79","Smarkets",1379188,"2026-01-18 14:00:00","2026-01-18 11:55:37"
479,"2026-01-18","Premier League (England)","Aston Villa","Everton",0,1,"Away","1.62","4.00","5.50","Unibet (UK)",1379179,"2026-01-18 16:30:00","2026-01-18 11:55:37"
480,"2026-01-19","Premier League (England)","Brighton","Bournemouth",1,1,"Draw","1.85","4.00","3.80","Unibet (UK)",1379180,"2026-01-19 20:00:00","2026-01-19 11:55:37"
481,"2026-01-24","Premier League (England)","West Ham","Sunderland",3,1,"Home","2.25","3.30","3.25","Unibet (UK)",1379198,"2026-01-24 12:30:00","2026-01-24 11:55:37"
482,"2026-01-24","Premier League (England)","Fulham","Brighton",2,1,"Home","2.55","3.40","2.75","Unibet (UK)",1379195,"2026-01-24 15:00:00","2026-01-24 11:55:37"
483,"2026-01-24","Premier League (England)","Burnley","Tottenham",2,2,"Draw","3.40","3.30","2.15","Betway",1379192,"2026-01-24 15:00:00","2026-01-24 11:55:37"
484,"2026-01-24","Premier League (England)","Manchester City","Wolves",2,0,"Home","1.33","5.25","8.50","Betway",1379196,"2026-01-24 15:00:00","2026-01-24 11:55:37"
485,"2026-01-24","Premier League (England)","Bournemouth","Liverpool",3,2,"Home","3.60","3.75","1.85","888sport",1379190,"2026-01-24 17:30:00","2026-01-24 11:55:37"
486,"2026-01-25","Premier League (England)","Newcastle","Aston Villa",0,2,"Away","2.08","3.60","3.40","Unibet (UK)",1379197,"2026-01-25 14:00:00","2026-01-25 11:55:37"
487,"2026-01-25","Premier League (England)","Crystal Palace","Chelsea",1,3,"Away","3.20","3.60","2.15","Unibet (UK)",1379193,"2026-01-25 14:00:00","2026-01-25 11:55:37"
488,"2026-01-25","Premier League (England)","Brentford","Nottingham Forest",0,2,"Away","1.82","3.60","4.40","Unibet (UK)",1379191,"2026-01-25 14:00:00","2026-01-25 11:55:37"
489,"2026-01-25","Premier League (England)","Arsenal","Manchester United",2,3,"Away","1.60","4.25","5.25","Unibet (UK)",1379189,"2026-01-25 16:30:00","2026-01-25 11:55:37"
490,"2026-01-26","Premier League (England)","Everton","Leeds",1,1,"Draw","2.60","3.15","2.85","Unibet (UK)",1379194,"2026-01-26 20:00:00","2026-01-26 11:55:37"
491,"2026-01-31","Premier League (England)","Wolves","Bournemouth",0,2,"Away","3.00","3.45","2.38","Unibet (UK)",1379208,"2026-01-31 15:00:00","2026-01-31 11:55:37"
492,"2026-01-31","Premier League (England)","Brighton","Everton",1,1,"Draw","1.85","3.60","4.20","Unibet (UK)",1379200,"2026-01-31 15:00:00","2026-01-31 11:55:37"
493,"2026-01-31","Premier League (England)","Leeds","Arsenal",0,4,"Away","6.00","4.20","1.54","Unibet (UK)",1379202,"2026-01-31 15:00:00","2026-01-31 11:55:37"
494,"2026-01-31","Premier League (England)","Chelsea","West Ham",3,2,"Home","1.55","4.50","5.50","Unibet (UK)",1379201,"2026-01-31 17:30:00","2026-01-31 11:55:37"
495,"2026-01-31","Premier League (England)","Liverpool","Newcastle",4,1,"Home","1.75","4.00","4.25","Unibet (UK)",1379203,"2026-01-31 20:00:00","2026-01-31 11:55:37"
496,"2026-02-01","Premier League (England)","Manchester United","Fulham",3,2,"Home","1.55","4.50","5.50","Unibet (UK)",1379204,"2026-02-01 14:00:00","2026-02-01 11:55:37"
497,"2026-02-01","Premier League (England)","Nottingham Forest","Crystal Palace",1,1,"Draw","2.08","3.35","3.75","Unibet (UK)",1379205,"2026-02-01 14:00:00","2026-02-01 11:55:37"
498,"2026-02-01","Premier League (England)","Aston Villa","Brentford",0,1,"Away","2.20","3.45","3.25","Unibet (UK)",1379199,"2026-02-01 14:00:00","2026-02-01 11:55:37"
499,"2026-02-01","Premier League (England)","Tottenham","Manchester City",2,2,"Draw","4.60","4.00","1.70","Unibet (UK)",1379207,"2026-02-01 16:30:00","2026-02-01 11:55:37"
500,"2026-02-02","Premier League (England)","Sunderland","Burnley",3,0,"Home","1.80","3.50","4.80","Unibet (UK)",1379206,"2026-02-02 20:00:00","2026-02-02 11:55:37"
501,"2026-02-06","Premier League (England)","Leeds","Nottingham Forest",3,1,"Home","2.20","3.30","3.40","Unibet (UK)",1379214,"2026-02-06 20:00:00","2026-02-06 11:55:38"
502,"2026-02-07","Premier League (England)","Manchester United","Tottenham",2,0,"Home","1.58","4.50","5.00","Unibet (UK)",1379216,"2026-02-07 12:30:00","2026-02-07 11:55:37"
503,"2026-02-07","Premier League (England)","Bournemouth","Aston Villa",1,1,"Draw","2.85","3.60","2.38","Unibet (UK)",1379210,"2026-02-07 15:00:00","2026-02-07 11:55:37"
504,"2026-02-07","Premier League (England)","Fulham","Everton",1,2,"Away","2.15","3.35","3.40","Unibet (UK)",1379213,"2026-02-07 15:00:00","2026-02-07 11:55:37"
505,"2026-02-07","Premier League (England)","Wolves","Chelsea",1,3,"Away","5.00","4.20","1.62","Unibet (UK)",1379218,"2026-02-07 15:00:00","2026-02-07 11:55:37"
506,"2026-02-07","Premier League (England)","Arsenal","Sunderland",3,0,"Home","1.29","5.50","11.00","Unibet (UK)",1379209,"2026-02-07 15:00:00","2026-02-07 11:55:37"
507,"2026-02-07","Premier League (England)","Burnley","West Ham",0,2,"Away","3.10","3.50","2.25","Unibet (UK)",1379212,"2026-02-07 15:00:00","2026-02-07 11:55:37"
508,"2026-02-07","Premier League (England)","Newcastle","Brentford",2,3,"Away","2.08","3.60","3.45","Unibet (UK)",1379217,"2026-02-07 17:30:00","2026-02-07 11:55:37"
509,"2026-02-08","Premier League (England)","Brighton","Crystal Palace",0,1,"Away","2.00","3.50","3.75","Unibet (UK)",1379211,"2026-02-08 14:00:00","2026-02-08 11:55:37"
510,"2026-02-08","Premier League (England)","Liverpool","Manchester City",1,2,"Away","2.20","3.80","3.00","Unibet (UK)",1379215,"2026-02-08 16:30:00","2026-02-08 11:55:37"
511,"2026-02-10","Premier League (England)","Everton","Bournemouth",1,2,"Away","2.40","3.35","2.95","Unibet (UK)",1379223,"2026-02-10 19:30:00","2026-02-10 11:55:38"
512,"2026-02-10","Premier League (England)","Tottenham","Newcastle",1,2,"Away","3.35","3.60","2.10","Unibet (UK)",1379227,"2026-02-10 19:30:00","2026-02-10 11:55:38"
513,"2026-02-10","Premier League (England)","Chelsea","Leeds",2,2,"Draw","1.55","4.40","5.50","Unibet (UK)",1379221,"2026-02-10 19:30:00","2026-02-10 11:55:38"
514,"2026-02-10","Premier League (England)","West Ham","Manchester United",1,1,"Draw","4.35","4.25","1.70","Unibet (UK)",1379228,"2026-02-10 20:15:00","2026-02-10 11:55:38"
515,"2026-02-11","Premier League (England)","Manchester City","Fulham",3,0,"Home","1.37","5.50","7.00","Unibet (UK)",1379224,"2026-02-11 19:30:00","2026-02-11 11:55:38"
516,"2026-02-11","Premier League (England)","Crystal Palace","Burnley",2,3,"Away","1.50","4.40","6.50","Unibet (UK)",1379222,"2026-02-11 19:30:00","2026-02-11 11:55:38"
517,"2026-02-11","Premier League (England)","Nottingham Forest","Wolves",0,0,"Draw","1.70","3.80","5.00","Unibet (UK)",1379225,"2026-02-11 19:30:00","2026-02-11 11:55:38"
518,"2026-02-11","Premier League (England)","Aston Villa","Brighton",1,0,"Home","1.98","3.75","3.60","Unibet (UK)",1379219,"2026-02-11 19:30:00","2026-02-11 11:55:38"
519,"2026-02-11","Premier League (England)","Sunderland","Liverpool",0,1,"Away","4.60","3.90","1.75","Unibet (UK)",1379226,"2026-02-11 20:15:00","2026-02-11 11:55:38"
